chr,pos,pop,period,ru,MAX_CN,size:number,gene
chr1,1265565,BOTH_AFR,2,AC,66.0,{40: 150},UBE2J2
chr1,32973440,BOTH_AFR,1,A,63.0,{40: 64},
chr1,42808135,BOTH_AFR,2,AT,56.0,{40: 67},"SVBP,TMEM269"
chr1,58648525,BOTH_AFR,2,AC,87.0,{60: 95},MYSM1
chr1,65791915,BOTH_AFR,2,AG,87.0,"{50: 140, 60: 92}",
chr1,93790613,BOTH_AFR,1,A,63.0,{40: 65},BCAR3
chr1,100459087,BOTH_AFR,2,AC,66.0,{40: 107},CDC14A
chr1,103937567,BOTH_AFR,2,AC,85.0,"{50: 119, 60: 69}",
chr1,152463832,BOTH_AFR,2,AC,69.0,{40: 76},
chr1,173308257,BOTH_AFR,2,AC,65.0,{40: 73},
chr1,195274796,BOTH_AFR,2,AG,90.0,{50: 90},
chr10,19539853,BOTH_AFR,2,AC,131.0,{90: 87},MALRD1
chr10,23096327,BOTH_AFR,2,AC,63.0,{40: 69},MSRB2
chr10,23456967,BOTH_AFR,2,AC,103.0,{70: 92},
chr10,53239547,BOTH_AFR,2,AC,65.0,{40: 66},
chr10,70079552,BOTH_AFR,2,AC,63.0,{40: 93},MACROH2A2
chr10,98960702,BOTH_AFR,1,A,128.0,"{50: 115, 60: 99}",HPSE2
chr10,103596629,BOTH_AFR,2,AC,109.0,"{70: 120, 80: 79}",SH3PXD2A
chr10,110079427,BOTH_AFR,2,AC,76.0,"{40: 181, 50: 104}",ADD3
chr10,117433428,BOTH_AFR,2,AC,69.0,{40: 81},
chr10,129036959,BOTH_AFR,2,AC,64.0,{40: 63},
chr11,11638599,BOTH_AFR,2,AG,73.0,"{40: 107, 50: 65}",
chr11,13708431,BOTH_AFR,2,AC,81.0,{50: 89},FAR1
chr11,29316778,BOTH_AFR,2,AG,54.0,{40: 65},
chr11,30873338,BOTH_AFR,2,AT,68.0,{40: 119},DCDC1
chr11,39748320,BOTH_AFR,2,AC,64.0,{40: 72},
chr11,40952850,BOTH_AFR,2,AC,64.0,{40: 92},LRRC4C
chr11,41021157,BOTH_AFR,2,AG,62.0,{40: 86},LRRC4C
chr11,42242591,BOTH_AFR,2,AT,78.0,{50: 96},LINC02740
chr11,45236612,BOTH_AFR,2,AC,57.0,{40: 107},
chr11,90644237,BOTH_AFR,2,AC,69.0,{40: 89},DISC1FP1
chr11,91007222,BOTH_AFR,2,AC,68.0,{40: 66},
chr11,93778124,BOTH_AFR,2,AT,103.0,"{60: 226, 70: 132, 80: 73}",TAF1D
chr11,95941995,BOTH_AFR,2,AC,63.0,{40: 71},
chr11,99934873,BOTH_AFR,2,AT,114.0,{90: 63},CNTN5
chr11,112105103,BOTH_AFR,2,AG,132.0,{100: 73},SDHD
chr11,121952627,BOTH_AFR,2,AC,58.0,{40: 66},
chr11,122768466,BOTH_AFR,2,AC,62.0,{40: 87},UBASH3B
chr11,124489628,BOTH_AFR,2,AC,57.0,{40: 85},
chr12,330055,BOTH_AFR,2,AC,63.0,{40: 92},KDM5A
chr12,3109269,BOTH_AFR,2,AC,109.0,"{50: 277, 60: 201, 70: 122, 80: 80}",TSPAN9
chr12,8718638,BOTH_AFR,2,AC,116.0,{80: 86},RIMKLB
chr12,10029239,BOTH_AFR,2,AT,80.0,{50: 77},
chr12,14074734,BOTH_AFR,2,AT,60.0,{40: 66},
chr12,26567938,BOTH_AFR,2,AT,82.0,{50: 69},ITPR2
chr12,28151505,BOTH_AFR,2,AT,78.0,{50: 101},CCDC91
chr12,29476756,BOTH_AFR,2,AC,64.0,{40: 86},"OVCH1,OVCH1-AS1"
chr12,44644581,BOTH_AFR,2,AT,92.0,{60: 102},NELL2
chr12,47833117,BOTH_AFR,2,AC,66.0,{40: 71},"HDAC7,LINC02354"
chr12,50170567,BOTH_AFR,2,AC,80.0,{50: 63},
chr12,51045053,BOTH_AFR,2,AC,81.0,{50: 84},
chr12,52052266,BOTH_AFR,2,AC,80.0,{50: 67},NR4A1
chr12,56762255,BOTH_AFR,2,AC,84.0,{50: 130},HSD17B6
chr12,63149770,BOTH_AFR,2,AG,84.0,{60: 63},AVPR1A
chr12,66215787,BOTH_AFR,2,AC,71.0,{40: 147},IRAK3
chr12,72696129,BOTH_AFR,2,AT,62.0,{40: 87},
chr12,73059476,BOTH_AFR,2,AC,103.0,"{60: 137, 70: 83}",
chr12,74670421,BOTH_AFR,2,AC,69.0,{40: 76},
chr12,74771998,BOTH_AFR,2,AT,71.0,{40: 97},
chr12,86995108,BOTH_AFR,2,AT,79.0,{50: 92},
chr12,96930157,BOTH_AFR,2,AC,89.0,{60: 87},NEDD1
chr12,99060648,BOTH_AFR,2,AC,63.0,{40: 72},ANKS1B
chr12,113730152,BOTH_AFR,2,AG,56.0,{40: 87},LINC01234
chr12,119331554,BOTH_AFR,2,AC,74.0,{50: 65},
chr12,119709763,BOTH_AFR,2,AC,66.0,{40: 71},CIT
chr12,124501046,BOTH_AFR,2,AC,86.0,{50: 95},NCOR2
chr12,126356680,BOTH_AFR,2,AC,86.0,"{50: 100, 60: 63}",
chr12,127457314,BOTH_AFR,2,AC,83.0,{50: 84},
chr12,127945229,BOTH_AFR,2,AC,64.0,{40: 80},"LINC00507,LINC00508"
chr13,41491001,BOTH_AFR,2,AC,59.0,{40: 73},
chr13,41758370,BOTH_AFR,2,AT,63.0,{40: 93},VWA8
chr13,48499112,BOTH_AFR,2,AC,63.0,{40: 103},"RCBTB2,RB1"
chr13,62534321,BOTH_AFR,1,A,73.0,{40: 67},
chr13,65186640,BOTH_AFR,2,AG,75.0,{50: 65},
chr13,78738489,BOTH_AFR,2,AG,56.0,{40: 66},
chr13,79706016,BOTH_AFR,2,AT,64.0,{40: 77},
chr13,84705190,BOTH_AFR,2,AC,62.0,{40: 75},
chr13,87625941,BOTH_AFR,2,AT,67.0,{40: 123},MIR4500HG
chr13,92166922,BOTH_AFR,2,AC,70.0,{50: 74},GPC5
chr13,93276459,BOTH_AFR,2,AG,73.0,{50: 93},GPC6
chr13,96317327,BOTH_AFR,2,AT,71.0,{40: 80},HS6ST3
chr13,105817881,BOTH_AFR,2,AC,56.0,{40: 67},
chr14,33563508,BOTH_AFR,2,AG,67.0,{40: 87},NPAS3
chr14,41704409,BOTH_AFR,2,AG,67.0,{40: 106},LRFN5
chr14,48660591,BOTH_AFR,2,AT,106.0,{70: 78},
chr14,50178648,BOTH_AFR,2,AT,109.0,{80: 71},SOS2
chr14,52493194,BOTH_AFR,2,AT,56.0,{40: 94},TXNDC16
chr14,57384288,BOTH_AFR,3,AAG,64.0,{50: 81},
chr14,61210755,BOTH_AFR,2,AG,69.0,{40: 83},PRKCH
chr14,62078107,BOTH_AFR,2,AG,72.0,{50: 69},SYT16
chr14,67225922,BOTH_AFR,2,AC,81.0,{50: 98},GARIN2
chr14,73756267,BOTH_AFR,2,AC,68.0,{40: 106},MIDEAS
chr14,75315627,BOTH_AFR,2,AC,60.0,{40: 66},
chr14,95845464,BOTH_AFR,2,AG,73.0,{50: 74},
chr14,99739066,BOTH_AFR,2,AC,85.0,{50: 87},EML1
chr15,27630017,BOTH_AFR,2,AC,78.0,{60: 75},
chr15,35727931,BOTH_AFR,2,AC,126.0,"{80: 159, 90: 101}",DPH6-DT
chr15,37166347,BOTH_AFR,2,AG,85.0,{60: 70},
chr15,60335971,BOTH_AFR,2,AG,71.0,{40: 118},
chr15,67989814,BOTH_AFR,2,AG,100.0,"{70: 123, 80: 63}",
chr15,75856247,BOTH_AFR,2,AC,68.0,{40: 121},UBE2Q2
chr15,76637710,BOTH_AFR,2,AC,105.0,"{60: 179, 70: 128, 80: 87}",SCAPER
chr15,77664131,BOTH_AFR,2,AC,79.0,{50: 119},"LINGO1,LINGO1-AS2"
chr15,78421971,BOTH_AFR,2,AC,96.0,{70: 66},
chr15,80148847,BOTH_AFR,2,AC,79.0,{50: 68},
chr15,85631470,BOTH_AFR,2,AC,70.0,{40: 95},"AKAP13-AS1,AKAP13"
chr15,85741698,BOTH_AFR,1,A,106.0,{60: 70},AKAP13
chr16,7688222,BOTH_AFR,2,AC,70.0,{40: 110},RBFOX1
chr16,11661802,BOTH_AFR,2,AT,59.0,{40: 71},
chr16,13037059,BOTH_AFR,2,AC,73.0,{40: 106},SHISA9
chr16,13197105,BOTH_AFR,2,AC,103.0,"{60: 122, 70: 85}",SHISA9
chr16,13809038,BOTH_AFR,2,AC,68.0,{40: 108},
chr16,20099298,BOTH_AFR,2,AG,106.0,{70: 102},
chr16,52237094,BOTH_AFR,2,AC,69.0,{40: 88},
chr16,52826731,BOTH_AFR,2,AC,68.0,{40: 79},
chr16,56256673,BOTH_AFR,2,AG,66.0,{40: 82},GNAO1
chr16,60296855,BOTH_AFR,2,AT,65.0,{40: 94},
chr16,73631899,BOTH_AFR,2,AC,60.0,{40: 88},ZFHX3
chr16,76916211,BOTH_AFR,2,AT,98.0,{60: 121},
chr17,2448741,BOTH_AFR,1,A,103.0,"{50: 138, 60: 90}",METTL16
chr17,6433587,BOTH_AFR,2,AC,72.0,{50: 91},AIPL1
chr17,29761840,BOTH_AFR,2,AC,97.0,"{50: 138, 60: 88, 70: 63}",SSH2
chr17,41944384,BOTH_AFR,2,AC,65.0,{40: 65},ODAD4
chr17,68084667,BOTH_AFR,2,AT,110.0,{80: 69},
chr17,73469982,BOTH_AFR,2,AC,70.0,{40: 121},SDK2
chr17,75465655,BOTH_AFR,2,AT,66.0,{40: 103},TMEM94
chr17,82573526,BOTH_AFR,2,AC,64.0,{40: 72},FOXK2
chr18,21579772,BOTH_AFR,2,AC,92.0,{60: 64},ESCO1
chr18,28007166,BOTH_AFR,2,AT,59.0,{40: 65},CDH2
chr18,45153918,BOTH_AFR,2,AC,81.0,{60: 85},
chr18,53537482,BOTH_AFR,2,AT,60.0,{40: 65},LINC01917
chr18,53699806,BOTH_AFR,2,AT,88.0,{60: 79},
chr18,69384192,BOTH_AFR,2,AT,99.0,{70: 64},
chr19,11963075,BOTH_AFR,2,AC,60.0,{40: 90},
chr19,15547969,BOTH_AFR,2,AC,82.0,"{50: 135, 60: 74}",CYP4F22
chr19,19872562,BOTH_AFR,2,AT,58.0,{40: 75},ZNF253
chr19,43693287,BOTH_AFR,2,AC,59.0,{40: 81},
chr2,9193872,BOTH_AFR,2,AG,58.0,{40: 67},
chr2,36506134,BOTH_AFR,2,AC,64.0,{40: 76},CRIM1
chr2,43168995,BOTH_AFR,2,AC,82.0,{50: 99},LINC02580
chr2,52559994,BOTH_AFR,2,AC,83.0,{50: 110},
chr2,53620420,BOTH_AFR,2,AC,63.0,{40: 78},ASB3
chr2,71171074,BOTH_AFR,2,AC,72.0,{40: 89},
chr2,77601440,BOTH_AFR,2,AT,60.0,{40: 70},
chr2,77731875,BOTH_AFR,2,AC,59.0,{40: 81},
chr2,81369819,BOTH_AFR,2,AC,87.0,{60: 88},
chr2,101729070,BOTH_AFR,2,AC,59.0,{40: 63},MAP4K4
chr2,119766450,BOTH_AFR,2,AC,129.0,"{80: 121, 90: 85}",PTPN4
chr2,126096040,BOTH_AFR,2,AT,59.0,{40: 67},
chr2,143413928,BOTH_AFR,2,AC,102.0,{70: 82},ARHGAP15
chr2,151773914,BOTH_AFR,2,AT,88.0,{60: 70},
chr2,186849757,BOTH_AFR,2,AG,70.0,"{40: 171, 50: 88}",
chr2,187243809,BOTH_AFR,2,AC,59.0,{40: 74},CALCRL-AS1
chr2,192069965,BOTH_AFR,2,AT,70.0,{40: 113},TMEFF2
chr2,192193737,BOTH_AFR,2,AG,64.0,{40: 98},TMEFF2
chr2,207310054,BOTH_AFR,2,AC,67.0,{40: 77},
chr2,208084920,BOTH_AFR,2,AC,66.0,"{40: 144, 50: 83}",
chr2,218604409,BOTH_AFR,2,AC,64.0,{40: 84},
chr2,225365803,BOTH_AFR,2,AT,81.0,{50: 67},
chr2,230773299,BOTH_AFR,2,AC,69.0,{40: 164},CAB39
chr2,232270856,BOTH_AFR,2,AG,59.0,{40: 64},DIS3L2
chr2,238842854,BOTH_AFR,2,AT,109.0,"{70: 99, 80: 74}",
chr2,240300121,BOTH_AFR,2,AC,63.0,{40: 128},
chr20,217692,BOTH_AFR,2,AC,99.0,"{60: 159, 70: 96}",
chr20,3799484,BOTH_AFR,2,AC,58.0,{40: 72},CDC25B
chr20,5298374,BOTH_AFR,2,AC,86.0,{60: 69},
chr20,46029859,BOTH_AFR,2,AC,69.0,{40: 79},SLC12A5
chr20,49592877,BOTH_AFR,2,AC,76.0,{50: 84},
chr20,53001201,BOTH_AFR,2,AC,61.0,{40: 78},TSHZ2
chr20,54970442,BOTH_AFR,2,AG,92.0,{60: 101},
chr21,22237285,BOTH_AFR,2,AG,72.0,{40: 104},
chr21,23257670,BOTH_AFR,2,AC,77.0,"{40: 118, 50: 79}",
chr21,28149920,BOTH_AFR,2,AC,62.0,{40: 81},LINC01695
chr21,29620771,BOTH_AFR,2,AT,66.0,{40: 104},"BACH1,GRIK1"
chr21,36389760,BOTH_AFR,2,AC,76.0,"{40: 225, 50: 104}",CHAF1B
chr21,39414707,BOTH_AFR,2,AC,66.0,{40: 144},"LCA5L,GET1,GET1-SH3BGR"
chr22,34313094,BOTH_AFR,2,AC,75.0,"{40: 152, 50: 66}",
chr22,41006261,BOTH_AFR,2,AC,126.0,{90: 81},
chr22,45740680,BOTH_AFR,2,AC,67.0,{40: 89},ATXN10
chr3,9931454,BOTH_AFR,2,AT,85.0,"{50: 146, 60: 71}",IL17RC
chr3,11064367,BOTH_AFR,2,AT,96.0,{70: 81},
chr3,11627200,BOTH_AFR,2,AC,72.0,{40: 112},VGLL4
chr3,12044161,BOTH_AFR,2,AC,75.0,{40: 135},SYN2
chr3,13662778,BOTH_AFR,2,AC,69.0,{50: 74},LINC00620
chr3,23842197,BOTH_AFR,2,AC,77.0,{50: 74},UBE2E1
chr3,31783088,BOTH_AFR,2,AT,64.0,{40: 134},OSBPL10
chr3,35165224,BOTH_AFR,2,AG,69.0,{40: 116},
chr3,38907311,BOTH_AFR,2,AC,75.0,{40: 196},SCN11A
chr3,40218581,BOTH_AFR,2,AT,95.0,{70: 64},"MYRIP,EIF1B-AS1"
chr3,43233666,BOTH_AFR,2,AG,84.0,{60: 63},
chr3,81768948,BOTH_AFR,1,A,94.0,{50: 74},
chr3,83583074,BOTH_AFR,2,AT,59.0,{40: 70},
chr3,100117826,BOTH_AFR,2,AT,64.0,{40: 66},CMSS1
chr3,108996266,BOTH_AFR,2,AC,67.0,{40: 79},MORC1
chr3,111484511,BOTH_AFR,2,AC,90.0,"{50: 137, 60: 83}",CD96
chr3,114006588,BOTH_AFR,2,AT,63.0,{40: 111},"CCDC191,QTRT2"
chr3,127481390,BOTH_AFR,2,AG,67.0,{50: 87},LINC01471
chr3,129760402,BOTH_AFR,2,AC,61.0,{40: 69},TMCC1
chr3,143164827,BOTH_AFR,2,AC,117.0,{80: 77},
chr3,148073456,BOTH_AFR,2,AC,71.0,{40: 83},
chr3,158470322,BOTH_AFR,2,AC,59.0,{40: 69},RSRC1
chr3,178754151,BOTH_AFR,2,AT,72.0,"{40: 127, 50: 63}","KCNMB2-AS1,KCNMB2"
chr3,186995500,BOTH_AFR,1,A,68.0,{40: 64},ST6GAL1
chr3,187378989,BOTH_AFR,2,AC,68.0,{40: 65},
chr3,188907480,BOTH_AFR,2,AT,68.0,{50: 69},
chr4,1860626,BOTH_AFR,2,AT,105.0,"{60: 150, 70: 87}",
chr4,18368845,BOTH_AFR,2,AC,95.0,{60: 68},
chr4,24194613,BOTH_AFR,2,AC,63.0,{40: 63},
chr4,39468501,BOTH_AFR,2,AT,63.0,{40: 77},LIAS
chr4,42636120,BOTH_AFR,2,AC,64.0,{40: 69},ATP8A1
chr4,43585888,BOTH_AFR,2,AT,89.0,{60: 75},
chr4,44556751,BOTH_AFR,2,AT,93.0,{60: 65},
chr4,47528459,BOTH_AFR,2,AC,63.0,{40: 101},ATP10D
chr4,83562173,BOTH_AFR,2,AT,72.0,{40: 111},GPAT3
chr4,93042248,BOTH_AFR,2,AG,76.0,{50: 75},GRID2
chr4,108157149,BOTH_AFR,2,AC,133.0,{100: 63},LEF1
chr4,126586179,BOTH_AFR,2,AT,77.0,{50: 71},
chr4,140709220,BOTH_AFR,2,AC,72.0,{50: 75},TBC1D9
chr4,147741768,BOTH_AFR,2,AC,67.0,{40: 72},ARHGAP10
chr4,149895750,BOTH_AFR,2,AC,88.0,{60: 104},IQCM
chr4,159840817,BOTH_AFR,2,AT,73.0,{40: 83},
chr4,166703579,BOTH_AFR,2,AT,99.0,{70: 69},
chr4,170140823,BOTH_AFR,2,AT,51.0,{40: 68},
chr4,175931672,BOTH_AFR,2,AC,58.0,{40: 63},GPM6A
chr4,181551808,BOTH_AFR,2,AC,108.0,{80: 70},
chr4,181553261,BOTH_AFR,2,AC,76.0,{50: 68},
chr5,22283206,BOTH_AFR,2,AT,92.0,{60: 66},CDH12
chr5,27636395,BOTH_AFR,2,AT,58.0,{40: 69},
chr5,67958366,BOTH_AFR,2,AC,59.0,{40: 63},
chr5,77648039,BOTH_AFR,2,AC,75.0,{50: 75},
chr5,80617029,NON_AFR,2,AT,107.0,"{50: 263, 60: 188, 70: 128}",LINC01337
chr5,84190537,BOTH_AFR,2,AT,76.0,{40: 103},EDIL3
chr5,85589954,BOTH_AFR,3,AAG,55.0,{40: 81},
chr5,85992934,BOTH_AFR,2,AC,75.0,{50: 67},
chr5,88090553,BOTH_AFR,2,AC,79.0,{40: 99},
chr5,89504487,BOTH_AFR,2,AC,69.0,{40: 116},
chr5,90976287,BOTH_AFR,2,AT,67.0,"{40: 133, 50: 63}",ADGRV1
chr5,91035845,BOTH_AFR,2,AT,77.0,{50: 66},ADGRV1
chr5,102063467,BOTH_AFR,2,AT,109.0,{80: 91},
chr5,105070976,BOTH_AFR,2,AG,83.0,{50: 99},
chr5,107710277,BOTH_AFR,2,AC,74.0,{50: 74},
chr5,114449880,BOTH_AFR,2,AC,61.0,{40: 64},KCNN2
chr5,119684756,BOTH_AFR,1,A,97.0,{40: 193},
chr5,126734739,BOTH_AFR,3,ATC,54.0,{40: 64},
chr5,127391084,BOTH_AFR,2,AC,142.0,{100: 67},MEGF10
chr5,134326798,BOTH_AFR,2,AT,67.0,{40: 109},CDKL3
chr5,150812839,BOTH_AFR,2,AT,79.0,{50: 85},
chr5,154665117,BOTH_AFR,1,A,86.0,{40: 65},
chr5,155212539,BOTH_AFR,2,AC,59.0,{40: 63},
chr5,169804438,BOTH_AFR,2,AC,81.0,"{50: 104, 60: 68}",DOCK2
chr5,171878554,BOTH_AFR,2,AC,141.0,{100: 99},FBXW11
chr6,41515379,BOTH_AFR,2,AT,75.0,{50: 65},"FOXP4-AS1,LINC01276"
chr6,41987476,BOTH_AFR,2,AG,60.0,{40: 65},CCND3
chr6,43502048,BOTH_AFR,2,AG,70.0,{50: 77},TJAP1
chr6,71243605,BOTH_AFR,2,AT,64.0,{40: 101},
chr6,78097051,BOTH_AFR,2,AT,71.0,{40: 71},
chr6,87513262,BOTH_AFR,2,AT,100.0,{70: 93},
chr6,102343895,BOTH_AFR,2,AG,96.0,{60: 120},
chr6,104538358,BOTH_AFR,2,AG,73.0,"{40: 118, 50: 67}",
chr6,105181149,BOTH_AFR,2,AC,66.0,{40: 108},BVES-AS1
chr6,118558622,BOTH_AFR,2,AC,64.0,{40: 104},"CEP85L,PLN"
chr6,120629436,BOTH_AFR,2,AT,92.0,{60: 76},
chr6,133385390,BOTH_AFR,2,AC,69.0,{50: 67},EYA4
chr6,136284095,BOTH_AFR,2,AT,72.0,{40: 99},BCLAF1
chr6,141384599,BOTH_AFR,2,AG,60.0,{40: 63},
chr6,144561206,BOTH_AFR,2,AT,109.0,{80: 75},UTRN
chr6,147213433,BOTH_AFR,2,AC,88.0,{60: 96},STXBP5
chr6,147392004,BOTH_AFR,2,AC,61.0,{40: 67},
chr6,154796354,BOTH_AFR,2,AG,66.0,{40: 96},SCAF8
chr6,156856673,BOTH_AFR,2,AC,72.0,{50: 69},ARID1B
chr6,157540854,BOTH_AFR,2,AT,62.0,{40: 87},ZDHHC14
chr6,158175011,BOTH_AFR,2,AC,75.0,{50: 67},GTF2H5
chr6,167133914,BOTH_AFR,2,AT,59.0,{40: 63},CCR6
chr6,168294548,BOTH_AFR,2,AC,62.0,{40: 85},DACT2
chr6,169583464,BOTH_AFR,2,AT,69.0,{40: 71},WDR27
chr7,3723910,BOTH_AFR,2,AG,68.0,{40: 107},SDK1
chr7,4705512,BOTH_AFR,2,AG,74.0,{40: 111},FOXK1
chr7,13592670,BOTH_AFR,1,A,83.0,{40: 76},
chr7,17293943,BOTH_AFR,2,AT,84.0,{50: 84},AHR
chr7,19233019,BOTH_AFR,2,AT,96.0,{60: 94},
chr7,123540891,BOTH_AFR,2,AC,62.0,{40: 126},NDUFA5
chr7,129798199,BOTH_AFR,2,AC,78.0,"{40: 108, 50: 69}",
chr7,129988237,BOTH_AFR,2,AC,122.0,{90: 81},UBE2H-DT
chr7,136038492,BOTH_AFR,2,AT,69.0,{40: 91},
chr7,145826519,BOTH_AFR,2,AT,63.0,{40: 72},
chr7,148725199,BOTH_AFR,2,AC,105.0,{70: 69},CUL1
chr7,149667155,BOTH_AFR,2,AC,97.0,{70: 71},
chr7,152622021,BOTH_AFR,2,AT,66.0,{40: 63},
chr7,154241186,BOTH_AFR,2,AC,93.0,{60: 106},DPP6
chr7,155125933,BOTH_AFR,2,AT,74.0,{50: 77},
chr8,14015215,BOTH_AFR,2,AG,70.0,{50: 64},
chr8,17968725,BOTH_AFR,2,AC,77.0,{50: 79},PCM1
chr8,36989537,BOTH_AFR,2,AC,63.0,{40: 82},
chr8,42194216,BOTH_AFR,2,AC,74.0,{50: 67},PLAT
chr8,67041941,BOTH_AFR,2,AC,82.0,{50: 95},PPP1R42
chr8,73605829,BOTH_AFR,2,AC,65.0,{40: 77},STAU2
chr8,81870835,BOTH_AFR,2,AG,68.0,{50: 75},LINC02235
chr8,90906875,BOTH_AFR,2,AT,73.0,"{40: 130, 50: 65}",NECAB1
chr8,96113909,BOTH_AFR,2,AC,79.0,{50: 169},
chr8,100581312,BOTH_AFR,2,AT,62.0,{40: 94},SNX31
chr8,107857401,BOTH_AFR,2,AC,92.0,{60: 64},
chr8,123167992,BOTH_AFR,2,AG,69.0,{50: 69},
chr8,125441087,BOTH_AFR,2,AC,66.0,{40: 85},
chr8,125635531,BOTH_AFR,2,AG,91.0,"{60: 142, 70: 80}",
chr8,127937549,BOTH_AFR,2,AC,63.0,"{40: 103, 50: 66}",PVT1
chr8,141073484,BOTH_AFR,2,AG,56.0,{40: 69},
chr9,7680186,BOTH_AFR,1,A,107.0,"{50: 95, 60: 78}",
chr9,11577004,BOTH_AFR,2,AC,72.0,{50: 66},
chr9,15642316,BOTH_AFR,2,AT,59.0,{40: 66},CCDC171
chr9,19819994,BOTH_AFR,2,AT,74.0,"{40: 138, 50: 67}",
chr9,25016607,BOTH_AFR,2,AC,65.0,{40: 92},
chr9,34226105,BOTH_AFR,2,AC,62.0,{40: 81},UBAP1
chr9,38071319,BOTH_AFR,2,AG,83.0,{60: 66},
chr9,69523464,BOTH_AFR,2,AT,80.0,{50: 91},APBA1
chr9,84472870,BOTH_AFR,2,AG,66.0,{40: 120},
chr9,106685487,BOTH_AFR,2,AC,87.0,{50: 108},LINC01505
chr9,114715175,BOTH_AFR,2,AT,79.0,{50: 94},
chr9,114943677,BOTH_AFR,2,AT,78.0,{50: 92},DELEC1
chr9,121899342,BOTH_AFR,2,AT,67.0,{40: 63},TTLL11
chr9,123818518,BOTH_AFR,2,AC,58.0,{40: 67},DENND1A
chr9,125793365,BOTH_AFR,2,AT,55.0,{40: 83},PBX3
chr9,132162524,BOTH_AFR,2,AC,102.0,{70: 64},NTNG2
chr9,132216382,BOTH_AFR,2,AC,76.0,{50: 138},NTNG2
chr9,133745926,BOTH_AFR,2,AG,73.0,{50: 67},
