PrimerID,SampleID,RefProductSize,period,Prd,Cap.Binned,HipSTR,GangSTR,Ensemble,match.hipstr,match.gangstr,match.ensemble
C9orf72,HG00268,,6,,"1,5","1,5","1,5","1,5",True,True,True
C9orf72,HG00731,,6,,"-1,8","-1,7","-1,8","-1,7",False,True,False
C9orf72,HG00732,,6,,"-1,3","-1,3","-1,3","-1,3",True,True,True
C9orf72,HG00766,,6,,"-1,10","-1,8","-1,9","-1,8",False,False,False
C9orf72,HG01112,,6,,"-1,-1","-1,-1","-1,-1","-1,-1",True,True,True
C9orf72,HG01113,,6,,"-1,3","-1,3","-1,3","-1,3",True,True,True
C9orf72,HG01119,,6,,"-1,3","-1,3","-1,3","-1,3",True,True,True
C9orf72,HG02970,,6,,"-1,7","-1,7","-1,7","-1,7",True,True,True
C9orf72,HG03736,,6,,"-1,3","-1,3","-1,3","-1,3",True,True,True
C9orf72,NA12877,,6,,"-1,-1","-1,8","-1,8","-1,8",False,False,False
C9orf72,NA12878,,6,,"-1,2","-1,2","-1,2","-1,2",True,True,True
C9orf72,NA12889,,6,,"-1,-1","-1,8","-1,9","-1,8",False,False,False
C9orf72,NA12890,,6,,"-1,-1","-1,8","-1,8","-1,8",False,False,False
C9orf72,NA12891,,6,,"-1,2","-1,2","-1,2","-1,2",True,True,True
C9orf72,NA12892,,6,,"-1,2","2,2","2,2","2,2",False,False,False
C9orf72,NA18488,,6,,"-1,11","-1,8","-1,9","-1,8",False,False,False
C9orf72,NA18939,,6,,"-2,-2","-1,-1","-1,-1","-1,-1",False,False,False
C9orf72,NA18940,,6,,"-1,3","-1,3","-1,3","-1,3",True,True,True
C9orf72,NA18941,,6,,"3,4","3,4","3,4","3,4",True,True,True
C9orf72,NA18942,,6,,"0,0","-1,-1","-1,-1","-1,-1",False,False,False
C9orf72,NA19238,,6,,"2,3","1,3","3,3","1,3",False,False,False
C9orf72,NA19239,,6,,"-1,-1","-1,-1","-1,-1","-1,-1",True,True,True
C9orf72,NA19434,,6,,"1,7","1,7","1,7","1,7",True,True,True
C9orf72,NA20503,,6,,"-1,5","-1,5","-1,5","-1,5",True,True,True
C9orf72,NA20504,,6,,"-1,-1","-1,-1","-1,-1","-1,-1",True,True,True
C9orf72,NA20505,,6,,"-1,-1","-1,-1","-1,-1","-1,-1",True,True,True
C9orf72,NA20506,,6,,"-1,5","-1,5","-1,5","-1,5",True,True,True
C9orf72,NA20846,,6,,"-1,6","-1,6","-1,6","-1,6",True,True,True
C9orf72,NA20847,,6,,"-1,-1","-1,-1","-1,-1","-1,-1",True,True,True
C9orf72,NA20849,,6,,"-1,-1","-1,-1","-1,-1","-1,-1",True,True,True
C9orf72,NA20862,,6,,"1,1","1,1","1,1","1,1",True,True,True
HTT,HG00268,,3,,"-2,9","-3,4","-2,6","-3,4",False,False,False
HTT,HG00731,,3,,"-2,-1","-2,-1","-1,2","-2,-1",True,False,True
HTT,HG00732,,3,,"-4,2","-4,2","-4,2","-4,2",True,True,True
HTT,HG00766,,3,,"-2,-2","-2,-1","-2,-1","-2,-1",False,False,False
HTT,HG01112,,3,,"-4,1","-4,1","-4,1","-4,1",True,True,True
HTT,HG01113,,3,,"-1,5","-1,5","-1,5","-1,5",True,True,True
HTT,HG01119,,3,,"-4,-1","-4,-1","-4,-1","-4,-1",True,True,True
HTT,HG02970,,3,,"-3,1","-3,1","-3,1","-3,1",True,True,True
HTT,HG03736,,3,,"-2,-2","-2,-2","-2,-2","-2,-2",True,True,True
HTT,NA12877,,3,,"-2,-2","-2,-2","-2,0","-2,-2",True,False,True
HTT,NA12878,,3,,"-3,-1","-3,-1","-3,-1","-3,-1",True,True,True
HTT,NA12889,,3,,"-2,4","-2,4","-2,4","-2,4",True,True,True
HTT,NA12890,,3,,"-2,-1","-2,-1","-2,1","-2,-1",True,False,True
HTT,NA12891,,3,,"-1,-1","-1,-1","-1,2","-1,-1",True,False,True
HTT,NA12892,,3,,"-3,2","-3,2","-3,2","-3,2",True,True,True
HTT,NA18488,,3,,"-4,3","-4,3","-4,3","-4,3",True,True,True
HTT,NA18939,,3,,"-2,-2","-2,-2","-2,1","-2,-2",True,False,True
HTT,NA18940,,3,,"-2,-2",./.,"-2,-2","-2,-2",,True,True
HTT,NA18941,,3,,"-2,-2","-2,-2","-2,-2","-2,-2",True,True,True
HTT,NA18942,,3,,"-2,-2","-2,-2","-2,-2","-2,-2",True,True,True
HTT,NA19238,,3,,"-4,-3","-4,-3","-4,-1","-4,-3",True,False,True
HTT,NA19239,,3,,"-4,-3","-4,-3","-4,-3","-4,-3",True,True,True
HTT,NA19434,,3,,"-5,-4","-5,-4","-5,-1","-5,-4",True,False,True
HTT,NA20503,,3,,"-2,-2","-2,-2","-2,1","-2,-2",True,False,True
HTT,NA20504,,3,,"-1,-1","-1,0","-1,0","-1,0",False,False,False
HTT,NA20505,,3,,"-3,3","-3,3","-2,3","-3,3",True,False,True
HTT,NA20506,,3,,"-4,7","-4,7","-1,7","-4,7",True,False,True
HTT,NA20846,,3,,"-2,-2","-2,-2","-2,-2","-2,-2",True,True,True
HTT,NA20847,,3,,"-2,-2","-2,-2","-2,-2","-2,-2",True,True,True
HTT,NA20849,,3,,"2,4","2,4","2,4","2,4",True,True,True
HTT,NA20862,,3,,"-4,3","-4,3","-4,-1","-4,3",True,False,True
